{
    "20": [
        1.1139615774154663,
        0.08942745625972748,
        0.7016785144805908,
        -3.013453483581543,
        0.2578161954879761,
        2.1058521270751953,
        1.348199725151062,
        0.9089545607566833,
        -0.09404484182596207,
        0.6870422959327698
    ],
    "21": [
        -0.8682483434677124,
        0.6946536302566528,
        -0.06916195899248123,
        -0.2932676374912262,
        -1.093001365661621,
        1.5148696899414062,
        -0.008040757849812508,
        0.8321755528450012,
        -0.718828558921814,
        0.3118630051612854
    ],
    "22": [
        0.9588294625282288,
        0.5559326410293579,
        -1.897513508796692,
        -0.06106944382190704,
        -0.6192346811294556,
        -1.9750820398330688,
        0.11330510675907135,
        -1.670669436454773,
        -0.42020395398139954,
        0.8971388936042786
    ],
    "23": [
        0.8424248099327087,
        0.42329680919647217,
        1.0476219654083252,
        -0.6416001319885254,
        -0.5111373066902161,
        -1.5570300817489624,
        -1.0780997276306152,
        1.7549810409545898,
        0.8806105256080627,
        -0.401968389749527
    ],
    "25": [
        -0.8064143657684326,
        1.2716803550720215,
        -0.07461325824260712,
        -0.10819017887115479,
        0.04916824772953987,
        1.899867057800293,
        0.06702157109975815,
        -2.817124843597412,
        -0.28072500228881836,
        0.041103627532720566
    ],
    "53": [
        1.2495454549789429,
        1.777126669883728,
        -0.8075656890869141,
        1.6908150911331177,
        -0.17872436344623566,
        0.4394916594028473,
        0.15971656143665314,
        -1.1928296089172363,
        -0.6445448994636536,
        -0.7203973531723022
    ],
    "67": [
        -2.423767328262329,
        0.11796191334724426,
        -1.6398378610610962,
        -0.3846609890460968,
        1.1816688776016235,
        -1.06084144115448,
        0.01086366269737482,
        0.5509028434753418,
        -0.6271240711212158,
        -0.8083692789077759
    ],
    "68": [
        0.7406327724456787,
        -1.845284104347229,
        0.5141077041625977,
        0.7281028628349304,
        0.18025919795036316,
        -1.0415029525756836,
        -0.3698574900627136,
        -1.5845402479171753,
        -0.25398725271224976,
        -0.015538683161139488
    ],
    "80": [
        0.5233016014099121,
        -0.9063615798950195,
        -0.4478395879268646,
        1.6792064905166626,
        -0.3086118698120117,
        0.18686746060848236,
        0.5186388492584229,
        2.1802785396575928,
        0.7830156087875366,
        0.353613018989563
    ],
    "110": [
        0.9011039733886719,
        -0.6966000199317932,
        0.5198705196380615,
        0.3486327826976776,
        -1.3830503225326538,
        -1.1958200931549072,
        1.702722430229187,
        -1.082783818244934,
        0.5045026540756226,
        1.8789247274398804
    ],
    "123": [
        -0.6910922527313232,
        -0.11546012759208679,
        0.19752471148967743,
        -1.7314354181289673,
        0.38674628734588623,
        1.2558658123016357,
        -1.0705609321594238,
        0.8904241919517517,
        -1.2381722927093506,
        0.8544092178344727
    ],
    "135": [
        -1.1486319303512573,
        0.9632030129432678,
        -0.35470151901245117,
        -0.8242258429527283,
        -0.9125576019287109,
        -1.7209594249725342,
        -0.3503977954387665,
        -0.4886985719203949,
        -1.1042648553848267,
        0.13583055138587952
    ],
    "137": [
        0.9434122443199158,
        -0.590617299079895,
        1.344321370124817,
        -1.2227096557617188,
        -0.8870591521263123,
        1.526311993598938,
        -0.8151496648788452,
        -2.4027016162872314,
        -0.7949235439300537,
        2.223942995071411
    ],
    "138": [
        0.3821909427642822,
        1.605823278427124,
        0.22243596613407135,
        -0.32449543476104736,
        -0.790533721446991,
        0.04610138386487961,
        0.5084484219551086,
        -0.724411129951477,
        -0.6243132948875427,
        -1.0761797428131104
    ],
    "139": [
        -0.8833279609680176,
        2.1969621181488037,
        1.1645050048828125,
        -0.0354624018073082,
        -0.10428567230701447,
        1.0121431350708008,
        -0.1183219775557518,
        -1.8594764471054077,
        -0.92750483751297,
        -2.545128583908081
    ],
    "143": [
        -1.7263411283493042,
        -0.3307811915874481,
        0.6479513645172119,
        -0.5120092630386353,
        -0.05132344737648964,
        -0.8258916735649109,
        -1.1149197816848755,
        -0.559438169002533,
        0.6667749881744385,
        -0.4544219672679901
    ],
    "161": [
        -2.134751558303833,
        0.5673211812973022,
        2.002692222595215,
        0.5205176472663879,
        -0.01577136665582657,
        -0.7142526507377625,
        0.11934274435043335,
        0.8918992280960083,
        -1.8781818151474,
        -1.5457755327224731
    ],
    "194": [
        -0.9611715078353882,
        0.8024144768714905,
        1.3254226446151733,
        -0.635576069355011,
        -0.24930547177791595,
        -0.8708495497703552,
        0.687434732913971,
        0.014845108613371849,
        0.04075205326080322,
        0.19464755058288574
    ],
    "389": [
        0.4600844085216522,
        -0.9174972176551819,
        1.434874415397644,
        0.13986510038375854,
        -0.5955281257629395,
        -1.376390814781189,
        1.8439387083053589,
        0.7687797546386719,
        0.6440370082855225,
        -1.7899588346481323
    ],
    "443": [
        0.7750810980796814,
        0.1914462149143219,
        0.6334355473518372,
        -2.452301025390625,
        -0.9794158935546875,
        -1.542964220046997,
        -0.1852896809577942,
        -0.5345796942710876,
        0.29305166006088257,
        0.8370442390441895
    ],
    "465": [
        0.12066159397363663,
        -0.24508823454380035,
        1.0655300617218018,
        -0.8729181289672852,
        0.9054685831069946,
        0.20944349467754364,
        0.21281884610652924,
        -0.4179495871067047,
        -1.4719797372817993,
        -0.8534551858901978
    ],
    "548": [
        0.27368319034576416,
        -1.2027299404144287,
        -0.5337762832641602,
        1.0176588296890259,
        -0.7333577275276184,
        -1.3877991437911987,
        -0.11800073087215424,
        1.7885453701019287,
        1.124509572982788,
        -0.5926957130432129
    ],
    "587": [
        0.4426935315132141,
        1.3008525371551514,
        0.8664078116416931,
        -0.39649832248687744,
        0.019521107897162437,
        1.0113768577575684,
        0.8152413368225098,
        1.0417506694793701,
        -0.7385247349739075,
        0.6839736700057983
    ],
    "636": [
        -1.080896258354187,
        0.9263314008712769,
        1.3977004289627075,
        0.3036239743232727,
        -0.08121999353170395,
        -0.3979598879814148,
        -1.4536811113357544,
        -0.7563571333885193,
        0.8707301020622253,
        -0.3496423065662384
    ],
    "902": [
        -0.0742640420794487,
        0.10021961480379105,
        1.5448507070541382,
        -0.1713988184928894,
        -1.3936814069747925,
        -0.5249392986297607,
        1.6521170139312744,
        2.776620388031006,
        -0.1382017284631729,
        -0.7461674809455872
    ],
    "993": [
        -0.740140438079834,
        1.0423624515533447,
        0.8311282396316528,
        -0.08409593254327774,
        -0.456062912940979,
        0.5315942764282227,
        -1.499725341796875,
        1.3031744956970215,
        0.19844432175159454,
        0.11091834306716919
    ],